Артикул,Адрес товара,Цена руб.
GA-700SKE-7AER,https://shop.casio.ru//catalog/g-shock-youth/ga-700ske-7aer/,20910
GA-2100SKE-7AER,https://shop.casio.ru//catalog/g-shock-youth/ga-2100ske-7aer/,20126
DW-5600SKE-7ER,https://shop.casio.ru//catalog/g-shock/dw-5600ske-7er/,20126
GA-110SKE-8AER,https://shop.casio.ru//catalog/g-shock-youth/ga-110ske-8aer/,20910
GA-900SKE-8AER,https://shop.casio.ru//catalog/g-shock-youth/ga-900ske-8aer/,13064
GA-2000SKE-8AER,https://shop.casio.ru//catalog/g-shock-youth/ga-2000ske-8aer/,20910
GA-2100-1A1ER,https://shop.casio.ru//catalog/g-shock-youth/ga_2100_1a1er/,16987
GA-2100-1AER,https://shop.casio.ru//catalog/g-shock-youth/ga_2100_1aer/,16987
GA-2100-4AER,https://shop.casio.ru//catalog/g-shock-youth/ga_2100_4aer/,16987
GMW-B5000D-1ER,https://shop.casio.ru//catalog/g-shock-premium/gmw_b5000d_1er/,84987
DW-5600E-1VER,https://shop.casio.ru//catalog/g-shock/dw_5600e_1ver/,13064
DW-5610DN-9ER,https://shop.casio.ru//catalog/g-shock/dw-5610dn-9/,19995
A1000D-7EF,https://shop.casio.ru//catalog/vintage/a1000d-7ef/,18295
A1000M-1BEF,https://shop.casio.ru//catalog/vintage/a1000m-1bef/,18295
A1000MCG-9EF,https://shop.casio.ru//catalog/vintage/a1000mcg-9ef/,26141
A1000RG-5EF,https://shop.casio.ru//catalog/vintage/a1000rg-5ef/,13064
A100WEPC-1BER,https://shop.casio.ru//catalog/vintage/a100wepc-1ber/,18003
AWM-500GC-1AJR,https://shop.casio.ru//catalog/g-shock/awm_500gc_1ajr/,164757
DW-5600BB-1ER,https://shop.casio.ru//catalog/g-shock/dw_5600bb_1er/,16987
DW-5600CA-2ER,https://shop.casio.ru//catalog/g-shock/dw-5600ca-2er/,18295
DW-5600CA-8ER,https://shop.casio.ru//catalog/g-shock/dw-5600ca-8er/,18295
DW-5600DAILY21-1ER,https://shop.casio.ru//catalog/g-shock/dw-5600daily21-1er/,24038
DW-5600GC-7ER,https://shop.casio.ru//catalog/g-shock-youth/dw_5600gc_7er/,20910
DW-5610SUS-5ER,https://shop.casio.ru//catalog/g-shock/dw_5610sus_5er/,19995
DW-6900LS-1ER,https://shop.casio.ru//catalog/g-shock-youth/dw-6900ls-1/,15418
DWE-5600CC-3ER,https://shop.casio.ru//catalog/g-shock/dwe_5600cc_3er/,36341
DWE-5600R-9ER,https://shop.casio.ru//catalog/g-shock/dwe_5600r_9er/,36603
ECB-900DB-1AER,https://shop.casio.ru//catalog/edifice-connected/ecb_900db_1aer/,35295
ECB-S100D-1AEF,https://shop.casio.ru//catalog/edifice-connected/ecb-s100d-1aef/,37910
ECB-S100D-2AEF,https://shop.casio.ru//catalog/edifice-connected/ecb-s100d-2aef/,37910
ECB-S100DC-2AEF,https://shop.casio.ru//catalog/edifice-connected/ecb-s100dc-2aef/,47064
EF-129D-1AVEF,https://shop.casio.ru//catalog/edifice/ef_129d_1avef/,15679
EF-527D-2AVUEF,https://shop.casio.ru//catalog/edifice/ef_527d_2avuef/,24179
EF-527D-3AVUEF,https://shop.casio.ru//catalog/edifice/ef_527d_3avuef/,24179
EF-539D-1AVEF,https://shop.casio.ru//catalog/edifice/ef_539d_1avef/,24179
EF-552-1AVEF,https://shop.casio.ru//catalog/edifice/ef_552_1avef/,16333
EFR-526D-7AVUEF,https://shop.casio.ru//catalog/edifice/efr_526d_7avuef/,18295
EFR-539D-1A2VUEF,https://shop.casio.ru//catalog/edifice/efr_539d_1a2vuef/,24179
EFR-552D-1AVUEF,https://shop.casio.ru//catalog/edifice/efr_552d_1avuef/,18295
EFR-556D-1AVUEF,https://shop.casio.ru//catalog/edifice/efr_556d_1avuef/,23002
EFR-556DB-1AVUEF,https://shop.casio.ru//catalog/edifice/efr_556db_1avuef/,24179
EFR-556DB-2AVUEF,https://shop.casio.ru//catalog/edifice/efr_556db_2avuef/,24179
EFR-571D-1AVUEF,https://shop.casio.ru//catalog/edifice/efr_571d_1avuef/,23002
EFR-571DB-1A1VUEF,https://shop.casio.ru//catalog/edifice/efr_571db_1a1vuef/,24179
EFR-571MD-8AVUEF,https://shop.casio.ru//catalog/edifice/efr_571md_8avuef/,23526
EFR-S108D-7AVUEF,https://shop.casio.ru//catalog/edifice/efr_s108d_7avuef/,20910
EFR-S567D-1AVUEF,https://shop.casio.ru//catalog/edifice/efr_s567d_1avuef/,26141
EFR-S572DC-1AVUEF,https://shop.casio.ru//catalog/edifice/efr_s572dc_1avuef/,30064
EFS-S540DB-1AUEF,https://shop.casio.ru//catalog/edifice/efs_s540db_1auef/,34772
EFS-S570DC-1AUEF,https://shop.casio.ru//catalog/edifice/efs-s570dc-1auef/,33856
EFS-S580DB-1AVUEF,https://shop.casio.ru//catalog/edifice/efs_s580db_1avuef/,33987
EFS-S590AT-1AER,https://shop.casio.ru//catalog/edifice/efs_s590at_1aer/,48372
EFS-S600D-1A2VUEF,https://shop.casio.ru//catalog/edifice/efs_s600d_1a2vuef/,28102
EFV-540D-1A,https://shop.casio.ru//catalog/edifice/efv_540d_1a/,18295
EFV-540D-1A2VUEF,https://shop.casio.ru//catalog/edifice/efv-540d-1a2vuef/,18295
EFV-540D-7AVUEF,https://shop.casio.ru//catalog/edifice/efv-540d-7avuef/,18295
EFV-540DC-1AVUEF,https://shop.casio.ru//catalog/edifice/efv_540dc_1avuef/,23002
EFV-550GY-8AVUEF,https://shop.casio.ru//catalog/edifice/efv_550gy_8avuef/,23002
EFV-550P-1AVUEF,https://shop.casio.ru//catalog/edifice/efv_550p_1avuef/,16987
EFV-560D-1AVUEF,https://shop.casio.ru//catalog/edifice/efv_560d_1avuef/,20910
EFV-560D-2AVUEF,https://shop.casio.ru//catalog/edifice/efv_560d_2avuef/,20910
EFV-610D-1AVUEF,https://shop.casio.ru//catalog/edifice/efv_610d_1avuef/,18295
EFV-610DB-2AVUEF,https://shop.casio.ru//catalog/edifice/efv_610db_2avuef/,20910
EFV-610DC-1AVUEF,https://shop.casio.ru//catalog/edifice/efv_610dc_1avuef/,20910
EFV-620D-1A2VUEF,https://shop.casio.ru//catalog/edifice/efv_620d_1a2vuef/,18295
EFV-620D-1A4VUEF,https://shop.casio.ru//catalog/edifice/efv_620d_1a4vuef/,18295
EFV-620D-2AVUEF,https://shop.casio.ru//catalog/edifice/efv_620d_2avuef/,18295
EFV-620L-1AVUEF,https://shop.casio.ru//catalog/edifice/efv_620l_1avuef/,18295
EFV-C100D-1AVEF,https://shop.casio.ru//catalog/edifice/efv_c100d_1avef/,18295
EQB-1000AT-1AER,https://shop.casio.ru//catalog/edifice-connected/eqb_1000at_1aer/,76945
EQB-1000D-1AER,https://shop.casio.ru//catalog/edifice-connected/eqb_1000d_1aer/,40003
EQB-1200AT-1AER,https://shop.casio.ru//catalog/edifice-connected/eqb-1200at-1aer/,92834
EQB-1200D-1AER,https://shop.casio.ru//catalog/edifice-connected/eqb-1200d-1aer/,52295
EQB-1200D-2AER,https://shop.casio.ru//catalog/edifice-connected/eqb-1200d-2aer/,52295
EQB-1200DC-1AER,https://shop.casio.ru//catalog/edifice-connected/eqb-1200dc-1aer/,64064
EQW-A2000HR-1AER,https://shop.casio.ru//catalog/edifice/eqw-a2000hr-1aer/,77010
GA-100-1A1ER,https://shop.casio.ru//catalog/g-shock-youth/ga_100_1a1er/,18295
GA-100-1A2ER,https://shop.casio.ru//catalog/g-shock-youth/ga_100_1a2er/,18295
GA-100B-4AER,https://shop.casio.ru//catalog/g-shock-youth/ga_100b_4aer/,18295
GA-100CF-1A9ER,https://shop.casio.ru//catalog/g-shock-youth/ga_100cf_1a9er/,22218
GA-110-1BER,https://shop.casio.ru//catalog/g-shock-youth/ga_110_1ber/,20910
GA-110GB-1AER,https://shop.casio.ru//catalog/g-shock-youth/ga_110gb_1aer/,23526
GA-110LS-1AER,https://shop.casio.ru//catalog/g-shock-youth/ga_110ls_1aer/,17641
GA-140-1A1ER,https://shop.casio.ru//catalog/g-shock-youth/ga_140_1a1er/,18295
GA-140-6AER,https://shop.casio.ru//catalog/g-shock-youth/ga_140_6aer/,18295
GA-140CT-1AER,https://shop.casio.ru//catalog/g-shock-youth/ga-140ct-1aer/,18164
GA-140MG-1AER,https://shop.casio.ru//catalog/g-shock/ga_140mg_1aer/,20126
GA-2000-1A9ER,https://shop.casio.ru//catalog/g-shock-youth/ga_2000_1a9er/,22218
GA-2000S-1AER,https://shop.casio.ru//catalog/g-shock-youth/ga_2000s_1aer/,20910
GA-2100CA-8AER,https://shop.casio.ru//catalog/g-shock-youth/ga-2100ca-8aer/,18295
GA-2100FR-3AER,https://shop.casio.ru//catalog/g-shock-youth/ga_2100fr_3aer/,20910
GA-2100FR-5AER,https://shop.casio.ru//catalog/g-shock-youth/ga_2100fr_5aer/,20910
GA-2100SU-1AER,https://shop.casio.ru//catalog/g-shock-youth/ga_2100su_1aer/,20126
GA-2110ET-2AER,https://shop.casio.ru//catalog/g-shock-youth/ga_2110et_2aer/,20126
GA-2110ET-8AER,https://shop.casio.ru//catalog/g-shock-youth/ga_2110et_8aer/,20126
GA-2110SU-3AER,https://shop.casio.ru//catalog/g-shock-youth/ga_2110su_3aer/,20126
GA-2200-2AER,https://shop.casio.ru//catalog/g-shock/ga-2200-2aer/,20387
GA-2200BB-1AER,https://shop.casio.ru//catalog/g-shock/ga-2200bb-1aer/,20387
GA-2200GC-7AER,https://shop.casio.ru//catalog/g-shock/ga_2200gc_7aer/,25487
GA-2200M-1AER,https://shop.casio.ru//catalog/g-shock/ga-2200m-1aer/,20910
GA-2200M-4AER,https://shop.casio.ru//catalog/g-shock/ga-2200m-4aer/,20910
GA-2200MFR-3AER,https://shop.casio.ru//catalog/g-shock/ga-2200mfr-3aer/,26141
GA-2200MFR-5AER,https://shop.casio.ru//catalog/g-shock/ga-2200mfr-5aer/,26141
GA-700CT-1AER,https://shop.casio.ru//catalog/g-shock-youth/ga-700ct-1aer/,18164
GA-700MG-1AER,https://shop.casio.ru//catalog/g-shock/ga_700mg_1aer/,20126
GA-700VB-1AER,https://shop.casio.ru//catalog/g-shock-youth/ga_700vb_1aer/,20126
GA-710GB-1AER,https://shop.casio.ru//catalog/g-shock-youth/ga_710gb_1aer/,25487
GA-900-2AER,https://shop.casio.ru//catalog/g-shock-youth/ga_900_2aer/,20910
GA-900-4AER,https://shop.casio.ru//catalog/g-shock-youth/ga_900_4aer/,13064
GA-900AG-1AER,https://shop.casio.ru//catalog/g-shock-youth/ga-900ag-1aer/,24572
GA-900C-1A4ER,https://shop.casio.ru//catalog/g-shock-youth/ga_900c_1a4er/,22872
GA-900GC-7AER,https://shop.casio.ru//catalog/g-shock-youth/ga_900gc_7aer/,25487
GA-900TS-6AER,https://shop.casio.ru//catalog/g-shock-youth/ga-900ts-6aer/,25487
GA-900VB-1AER,https://shop.casio.ru//catalog/g-shock-youth/ga_900vb_1aer/,24572
GAE-2100GC-7AER,https://shop.casio.ru//catalog/g-shock-youth/gae_2100gc_7aer/,36603
GAW-100B-1A2ER,https://shop.casio.ru//catalog/g-shock-youth/gaw_100b_1a2er/,24833
GAW-100B-1AER,https://shop.casio.ru//catalog/g-shock-youth/gaw_100b_1aer/,24833
GBA-800-1AER,https://shop.casio.ru//catalog/g-shock-connected/gba_800_1aer/,22872
GBD-800-1BER,https://shop.casio.ru//catalog/g-shock-connected/gbd_800_1ber/,18295
GBD-800-8ER,https://shop.casio.ru//catalog/g-shock-connected/gbd_800_8er/,18295
GBD-800UC-8ER,https://shop.casio.ru//catalog/g-shock-connected/gbd_800uc_8er/,18295
GG-B100-1A3ER,https://shop.casio.ru//catalog/g-shock-connected/gg_b100_1a3er/,64064
GG-B100-1AER,https://shop.casio.ru//catalog/g-shock-connected/gg_b100_1aer/,64064
GM-110G-1A9ER,https://shop.casio.ru//catalog/g-shock-youth/gm_110g_1a9er/,39872
GM-110NE-1AER,https://shop.casio.ru//catalog/g-shock-youth/gm_110ne_1aer/,46999
GM-110RH-1AER,https://shop.casio.ru//catalog/g-shock-youth/gm-110rh-1aer/,50464
GM-110SCM-1AER,https://shop.casio.ru//catalog/g-shock-youth/gm_110scm_1aer/,30783
GM-110SG-9AER,https://shop.casio.ru//catalog/g-shock-youth/gm-110sg-9aer/,43926
GM-2100-1AER,https://shop.casio.ru//catalog/g-shock/gm-2100-1aer/,33987
GM-2100B-3AER,https://shop.casio.ru//catalog/g-shock/gm-2100b-3aer/,37910
GM-2100B-4AER,https://shop.casio.ru//catalog/g-shock/gm-2100b-4aer/,37910
GM-2100N-2AER,https://shop.casio.ru//catalog/g-shock-youth/gm-2100n-2aer/,37910
GM-5600EY-1DR,https://shop.casio.ru//catalog/g-shock-youth/gm_5600ey_1dr/,48372
GM-5600SCM-1ER,https://shop.casio.ru//catalog/g-shock/gm_5600scm_1er/,22218
GM-5600SG-9ER,https://shop.casio.ru//catalog/g-shock/gm-5600sg-9er/,23526
GM-6900-1ER,https://shop.casio.ru//catalog/g-shock/gm_6900_1er/,32156
GM-6900B-4ER,https://shop.casio.ru//catalog/g-shock/gm_6900b_4er/,32156
GM-6900G-9ER,https://shop.casio.ru//catalog/g-shock/gm_6900g_9er/,32156
GM-6900SCM-1ER,https://shop.casio.ru//catalog/g-shock/gm_6900scm_1er/,20910
GM-6900SG-9ER,https://shop.casio.ru//catalog/g-shock/gm-6900sg-9er/,32156
GMD-B800-1ER,https://shop.casio.ru//catalog/g-shock-connected/gmd_b800_1er/,18295
GMD-B800-4ER,https://shop.casio.ru//catalog/g-shock-connected/gmd_b800_4er/,18295
GMW-B5000GD-4ER,https://shop.casio.ru//catalog/g-shock-premium/gmw_b5000gd_4er/,88911
GMW-B5000GD-9ER,https://shop.casio.ru//catalog/g-shock-premium/gmw_b5000gd_9er/,88911
GMW-B5000RD-4ER,https://shop.casio.ru//catalog/g-shock-premium/gmw-b5000rd-4er/,67987
GST-B100D-1AER,https://shop.casio.ru//catalog/g-shock-g-steel/gst_b100d_1aer/,59749
GST-B400-1AER,https://shop.casio.ru//catalog/g-shock-g-steel/gst_b400_1aer/,52295
GST-B400D-1AER,https://shop.casio.ru//catalog/g-shock-g-steel/gst_b400d_1aer/,61449
GST-W110-1AER,https://shop.casio.ru//catalog/g-shock-g-steel/gst_w110_1aer/,45233
GW-B5600-2ER,https://shop.casio.ru//catalog/g-shock-connected/gw_b5600_2er/,23133
GW-B5600BC-1BER,https://shop.casio.ru//catalog/g-shock-connected/gw_b5600bc_1ber/,35295
GW-B5600CT-1ER,https://shop.casio.ru//catalog/g-shock-connected/gw-b5600ct-1er/,20779
GW-M5610U-1ER,https://shop.casio.ru//catalog/g-shock/gw_m5610u_1er/,23526
GWG-1000-1A3ER,https://shop.casio.ru//catalog/g-shock-professional/gwg_1000_1a3er/,117680
GWG-2000-1A1ER,https://shop.casio.ru//catalog/g-shock/gwg_2000_1a1er/,128142
GWG-2000TLC-1AER,https://shop.casio.ru//catalog/g-shock/gwg-2000tlc-1aer/,130757
GX-56BB-1ER,https://shop.casio.ru//catalog/g-shock/gx_56bb_1er/,23002
MRG-B1000D-1ADR,https://shop.casio.ru//catalog/g-shock-premium/mrg-b1000d-1adr/,307296
MRG-B2000B-1ADR,https://shop.casio.ru//catalog/g-shock-premium/mrg-b2000b-1a/,304681
MTG-B2000B-1A2ER,https://shop.casio.ru//catalog/g-shock-premium/mtg_b2000b_1a2er/,180450
MTG-B2000BD-1A4ER,https://shop.casio.ru//catalog/g-shock-premium/mtg_b2000bd_1a4er/,180450
MTG-B2000D-1AER,https://shop.casio.ru//catalog/g-shock-premium/mtg-b2000d-1aer/,180450
PRW-6600YB-3ER,https://shop.casio.ru//catalog/protrek/prw_6600yb_3er/,64064
